Name, Age, Gender, City
Alice, 27, Female, New York
Bob, 35, Male, Los Angeles
Charlie, 22, Male, Chicago
Danielle, 42, Female, Houston
Edward, 31, Male, Miami
Fiona, 29, Female, Boston
George, 43, Male, San Francisco
Hannah, 25, Female, Dallas
Isaac, 36, Male, Atlanta
Julie, 33, Female, Seattle
Karl, 28, Male, Denver
Linda, 45, Female, Philadelphia
Mike, 39, Male, Washington D.C.
Nancy, 30, Female, Austin
Oliver, 23, Male, Nashville
Paula, 37, Female, Portland
Quentin, 26, Male, Phoenix
Rachel, 28, Female, San Diego
Samuel, 47, Male, San Antonio
Tina, 32, Female, Las Vegas
Uma, 25, Female, Minneapolis
Vince, 29, Male, New Orleans
Wendy, 36, Female, Salt Lake City
Xander, 41, Male, Pittsburgh
Yvonne, 33, Female, Detroit
Zachary, 28, Male, Memphis
Avery, 30, Female, Charlotte
Brandon, 26, Male, Jacksonville
Carla, 34, Female, Raleigh
Derek, 27, Male, Indianapolis
Emily, 25, Female, Columbus
Felix, 32, Male, Kansas City
Grace, 29, Female, St. Louis
Henry, 43, Male, Milwaukee
Ivy, 38, Female, Buffalo
Jack, 31, Male, Louisville
Karen, 33, Female, Oklahoma City
Liam, 24, Male, Boise
Maggie, 28, Female, Tampa
Noah, 36, Male, Cincinnati
Olivia, 27, Female, Richmond
Peter, 45, Male, Sacramento
Quincy, 33, Female, Albuquerque
Randy, 39, Male, Anchorage
Samantha, 32, Female, Des Moines
Trevor, 26, Male, Wichita
Una, 29, Female, Little Rock
Victor, 31, Male, Honolulu
Wendell, 37, Female, Jackson
Xavier, 24, Male, Baton Rouge
Yara, 28, Female, Hartford
Zara, 42, Male, Billings
Ashley, 33, Female, Providence
Brian, 26, Male, Omaha
Cathy, 34, Female, Dover
David, 27, Male, Harrisburg
Erica, 25, Female, Salem
Frank, 32, Male, Albany
Gina, 29, Female, Topeka
Hector, 43, Male, Richmond
Isabella, 38, Female, Jefferson City
Jake, 31, Male, Helena
Kimberly, 33, Female, Pierre
Luke, 24, Male, Bismarck
Maria, 28, Female, Olympia
Nate, 36, Male, Montpelier
Ophelia, 27, Female, Cheyenne
Patrick, 45, Male, Frankfort
Qiana, 33, Female, Santa Fe
Robert, 39, Male, Dover
Sandra, 32, Female, Raleigh
